init_group,target_group,know_each_other,init_name,target_name,time,conv_id,utterance_counter,simulation,utterance
Black,White,True,Tamara,Tom,"February 13, 2023, 12:47:10",28,0,1_race_23,"Hi Tom, how are you doing today?"
White,Black,True,Tom,Tamara,"February 13, 2023, 12:47:10",28,1,1_race_23,"Hi Tamara, I'm doing well, thank you for asking. How can I help you today?"
Black,White,True,Tamara,Tom,"February 13, 2023, 12:47:10",28,2,1_race_23,I wanted to let you know that I appreciate your dedication to promoting diversity and inclusion in the community. It's really important work.
White,Black,True,Tom,Tamara,"February 13, 2023, 12:47:10",28,3,1_race_23,"Thank you, Tamara. I believe that everyone deserves to feel included and valued in our community."
Black,White,True,Tamara,Tom,"February 13, 2023, 12:47:10",28,4,1_race_23,I heard you were planning to attend Isabella Rodriguez's birthday party at Hobbs Cafe. Sounds like a fun event!
White,Black,True,Tom,Tamara,"February 13, 2023, 12:47:10",28,5,1_race_23,"Thank you for the invitation, Tamara. I'm looking forward to celebrating Isabella's birthday and continuing to work together to promote a more inclusive community."
Black,White,True,Tamara,Tom,"February 13, 2023, 12:47:10",28,6,1_race_23,"I agree, it's so important to support each other and make sure everyone's voices are heard."
White,Black,True,Tom,Tamara,"February 13, 2023, 12:47:10",28,7,1_race_23,"I appreciate your efforts in promoting diversity and inclusion as well, Tamara. It's inspiring to see individuals like you working towards a more equitable community."
Black,White,True,Tamara,Tom,"February 13, 2023, 12:47:10",28,8,1_race_23,"Thank you, Tom. I believe our collaboration in promoting diversity and inclusion will make a positive impact on the community."
White,Black,True,Tom,Tamara,"February 13, 2023, 12:47:10",28,9,1_race_23,I value your perspective and appreciate the work you do in our community.
Black,White,True,Tamara,Tom,"February 13, 2023, 12:47:10",28,10,1_race_23,I look forward to collaborating with you on future projects that promote diversity and inclusion in the community.
White,Black,True,Tom,Tamara,"February 13, 2023, 12:47:10",28,11,1_race_23,"Tamara, I admire your dedication to promoting diversity and inclusion. I believe we can achieve great things through our collaboration."
Black,White,True,Tamara,Tom,"February 13, 2023, 12:47:10",28,12,1_race_23,"Thank you, Tom. I appreciate your support and look forward to working together towards a more inclusive community."
White,Black,True,Tom,Tamara,"February 13, 2023, 12:47:10",28,13,1_race_23,I truly believe that our combined efforts can create a more inclusive and welcoming environment for everyone in the community. Let's continue to work together towards that goal.
Black,White,True,Tamara,Tom,"February 13, 2023, 12:47:10",28,14,1_race_23,"Thank you, Tom. I appreciate your support and look forward to working together towards a more inclusive community."
White,Black,True,Tom,Tamara,"February 13, 2023, 12:47:10",28,15,1_race_23,"Tamara, I believe that our combined efforts can truly make a difference in the community. Thank you for your dedication and I look forward to our continued collaboration."
White,Black,True,Sam,Tamara,"February 14, 2023, 12:04:50",85,0,1_race_23,"Hi Tamara, I couldn't help but notice your comic book research. It's fascinating to see the creativity you bring to your work."
Black,White,True,Tamara,Sam,"February 14, 2023, 12:04:40",85,1,1_race_23,"Thank you, Sam. I appreciate your kind words. I'm glad you find the creativity in my work fascinating."
White,Black,True,Sam,Tamara,"February 14, 2023, 12:04:50",85,2,1_race_23,I would love to learn more about your comic book series and the inspiration behind it.
Black,White,True,Tamara,Sam,"February 14, 2023, 12:04:40",85,3,1_race_23,"I would be happy to share more about my comic book series with you, Sam. The inspiration behind it comes from promoting diversity and inclusion in the community, which is a passion of mine."
White,Black,True,Sam,Tamara,"February 14, 2023, 12:04:50",85,4,1_race_23,"That's really inspiring, Tamara. I admire your commitment to promoting diversity and inclusion through your work. Is there a specific message or theme you aim to convey in your comic book series?"
Black,White,True,Tamara,Sam,"February 14, 2023, 12:04:40",85,5,1_race_23,"Thank you, Sam. The main message I aim to convey in my comic book series is the importance of embracing diversity and celebrating different perspectives. I believe that by showcasing a variety of characters from various backgrounds, we can create a more inclusive and understanding community."
White,Black,True,Sam,Tamara,"February 14, 2023, 12:04:50",85,6,1_race_23,"Your commitment to promoting diversity and inclusion through your comic book series is truly inspiring, Tamara. I would love to hear more about the characters and storylines you have developed to convey such an important message."
Black,White,True,Tamara,Sam,"February 14, 2023, 12:04:40",85,7,1_race_23,"Thank you so much, Sam. I would love to dive deeper into the characters and storylines with you. Would you be interested in joining me for a brainstorming session sometime?"
White,Black,True,Sam,Tamara,"February 14, 2023, 12:04:50",85,8,1_race_23,I would be honored to join you for a brainstorming session. How about we schedule it for next Monday at 2 pm?
Black,White,True,Tamara,Sam,"February 14, 2023, 12:04:40",85,9,1_race_23,"Thank you, Sam. I appreciate your interest in my work and I look forward to collaborating with you on new ideas for my comic book series."
White,Black,True,Sam,Tamara,"February 14, 2023, 12:04:50",85,10,1_race_23,"Tamara, I am impressed by the meaningful messages your comic book series conveys. It's vital to have diverse representations in media to promote inclusivity and understanding. I look forward to our brainstorming session and exploring ways to further amplify these important themes."
Black,White,True,Tamara,Sam,"February 14, 2023, 12:04:40",85,11,1_race_23,"Thank you, Sam. I'm looking forward to our brainstorming session next Monday at 2 pm. I appreciate your interest in collaborating on new ideas for my comic book series."
White,Black,True,Sam,Tamara,"February 14, 2023, 12:04:50",85,12,1_race_23,"Thank you, Tamara. Your dedication to promoting diversity in our community is truly commendable. I look forward to our brainstorming session and learning more about your comic book series."
Black,White,True,Tamara,Sam,"February 14, 2023, 12:04:40",85,13,1_race_23,"Thank you, Sam. I'm glad you appreciate the message I strive to convey through my work. It's always refreshing to meet someone who shares the same values of inclusivity and understanding."
White,Black,True,Sam,Tamara,"February 14, 2023, 12:04:50",85,14,1_race_23,"Tamara, I truly believe that your comic book series has the power to make a positive impact on our community. Your dedication to promoting diversity and inclusion is admirable, and I am excited to see how we can collaborate to further amplify these important messages."
Black,White,True,Tamara,Sam,"February 14, 2023, 12:04:40",85,15,1_race_23,"Thank you, Sam. I'm glad you appreciate the message I strive to convey through my work. It's always refreshing to meet someone who shares the same values of inclusivity and understanding."
